sample_id	resistance_profile	resistant_drugs	resistance_mutations	key_mutations	status
ERR108145	No resistance detected by TB-Profiler	None reported	levofloxacin; moxifloxacin; ofloxacin | Rv0005 p.Pro94Leu | other_variants, levofloxacin; moxifloxacin; ofloxacin | Rv0005 c.1983C>T | other_variants, levofloxacin; moxifloxacin; ofloxacin | Rv0006 p.Glu21Gln | other_variants, levofloxacin; moxifloxacin; ofloxacin | Rv0006 p.Ser95Thr | other_variants, levofloxacin; moxifloxacin; ofloxacin | Rv0006 p.Gly668Asp | other_variants, isoniazid | Rv0010c p.Thr29Ile | other_variants, rifampicin | Rv0668 c.1626C>G | other_variants, bedaquiline; clofazimine | Rv0676c p.Ile948Val | other_variants, bedaquiline; clofazimine | Rv0676c p.Ala432Thr | other_variants, streptomycin | Rv0682 c.-165T>C | other_variants, streptomycin; amikacin; kanamycin; capreomycin | EBG00000313325 n.-187C>T | other_variants, streptomycin; amikacin; kanamycin; capreomycin | EBG00000313325 n.492C>T | other_variants, linezolid | Rv1644 p.Leu232Pro | other_variants, capreomycin | Rv1694 c.-139C>G | other_variants, capreomycin | Rv1694 c.33A>G | other_variants, bedaquiline; clofazimine | Rv1979c c.-129A>G | other_variants, Rv2764c p.Thr202Ala | other_variants, cycloserine | Rv2780 c.-32T>C | other_variants, rifampicin; bedaquiline | Rv3245c p.Met517Leu | other_variants, clofazimine; delamanid; pretomanid | Rv3261 c.-131G>A | other_variants, pyrazinamide | Rv3596c c.2418C>T | other_variants, ethambutol | Rv3793 c.2781C>T | other_variants, ethambutol | Rv3805c p.Val144Leu | other_variants, amikacin; kanamycin; capreomycin | Rv3862c c.-75delG | other_variants, amikacin; kanamycin; capreomycin | Rv3862c c.-211C>T | other_variants, streptomycin | Rv3919c p.Leu16Arg | other_variants	Rv0005 p.Pro94Leu, Rv0005 c.1983C>T, Rv0006 p.Glu21Gln, Rv0006 p.Ser95Thr, Rv0006 p.Gly668Asp, Rv0010c p.Thr29Ile, Rv0668 c.1626C>G, Rv0676c p.Ile948Val, Rv0676c p.Ala432Thr, Rv0682 c.-165T>C, EBG00000313325 n.-187C>T, EBG00000313325 n.492C>T, Rv1644 p.Leu232Pro, Rv1694 c.-139C>G, Rv1694 c.33A>G, Rv1979c c.-129A>G, Rv2764c p.Thr202Ala, Rv2780 c.-32T>C, Rv3245c p.Met517Leu, Rv3261 c.-131G>A, Rv3596c c.2418C>T, Rv3793 c.2781C>T, Rv3805c p.Val144Leu, Rv3862c c.-75delG, Rv3862c c.-211C>T, Rv3919c p.Leu16Arg	success
ERR108168	No resistance detected by TB-Profiler	None reported	levofloxacin; moxifloxacin; ofloxacin | Rv0005 p.Pro94Leu | other_variants, levofloxacin; moxifloxacin; ofloxacin | Rv0005 c.1983C>T | other_variants, levofloxacin; moxifloxacin; ofloxacin | Rv0006 p.Glu21Gln | other_variants, levofloxacin; moxifloxacin; ofloxacin | Rv0006 p.Ser95Thr | other_variants, levofloxacin; moxifloxacin; ofloxacin | Rv0006 p.Gly668Asp | other_variants, rifampicin | Rv0668 c.1626C>G | other_variants, bedaquiline; clofazimine | Rv0676c p.Ile948Val | other_variants, streptomycin | Rv0682 c.-165T>C | other_variants, streptomycin; amikacin; kanamycin; capreomycin | EBG00000313325 n.-187C>T | other_variants, streptomycin; amikacin; kanamycin; capreomycin | EBG00000313325 n.492C>T | other_variants, linezolid | Rv1644 p.Leu232Pro | other_variants, capreomycin | Rv1694 c.33A>G | other_variants, bedaquiline; clofazimine | Rv1979c c.-129A>G | other_variants, Rv2764c p.Thr202Ala | other_variants, cycloserine | Rv2780 c.-32T>C | other_variants, rifampicin; bedaquiline | Rv3245c p.Met517Leu | other_variants, pyrazinamide | Rv3596c c.2418C>T | other_variants, ethambutol | Rv3793 c.2781C>T | other_variants, amikacin; kanamycin; capreomycin | Rv3862c c.-75delG | other_variants, amikacin; kanamycin; capreomycin | Rv3862c c.-211C>T | other_variants, streptomycin | Rv3919c p.Leu16Arg | other_variants	Rv0005 p.Pro94Leu, Rv0005 c.1983C>T, Rv0006 p.Glu21Gln, Rv0006 p.Ser95Thr, Rv0006 p.Gly668Asp, Rv0668 c.1626C>G, Rv0676c p.Ile948Val, Rv0682 c.-165T>C, EBG00000313325 n.-187C>T, EBG00000313325 n.492C>T, Rv1644 p.Leu232Pro, Rv1694 c.33A>G, Rv1979c c.-129A>G, Rv2764c p.Thr202Ala, Rv2780 c.-32T>C, Rv3245c p.Met517Leu, Rv3596c c.2418C>T, Rv3793 c.2781C>T, Rv3862c c.-75delG, Rv3862c c.-211C>T, Rv3919c p.Leu16Arg	success
ERR108173	No resistance detected by TB-Profiler	None reported	levofloxacin; moxifloxacin; ofloxacin | Rv0006 p.Glu21Gln | other_variants, levofloxacin; moxifloxacin; ofloxacin | Rv0006 p.Ser95Thr | other_variants, levofloxacin; moxifloxacin; ofloxacin | Rv0006 p.Gly668Asp | other_variants, clofazimine; delamanid; pretomanid | Rv0407 c.960T>C | other_variants, isoniazid; ethionamide | Rv0486 p.Ala187Val | other_variants, amikacin; kanamycin; capreomycin | Rv0529 p.Ile245Met | other_variants, ethionamide | Rv0565c c.390G>A | other_variants, ethionamide | Rv0565c p.Arg110His | other_variants, rifampicin | Rv0667 c.3225T>C | other_variants, bedaquiline; clofazimine | Rv0676c p.Ile948Val | other_variants, bedaquiline; clofazimine | Rv0676c p.Thr794Ile | other_variants, bedaquiline; clofazimine | Rv0676c p.Asp767Asn | other_variants, bedaquiline; clofazimine | Rv0677c c.-710C>G | other_variants, streptomycin | Rv0682 c.-259C>T | other_variants, streptomycin | Rv0682 c.-165T>C | other_variants, isoniazid; rifampicin; levofloxacin; moxifloxacin; ofloxacin | Rv1129c c.-28T>C | other_variants, pyrazinamide | Rv1221 c.-67T>G | other_variants, pyrazinamide | Rv1221 c.-65G>C | other_variants, isoniazid; pyrazinamide; streptomycin | Rv1258c c.580_581insC | other_variants, streptomycin; amikacin; kanamycin; capreomycin | EBG00000313325 n.-187C>T | other_variants, pyrazinamide | Rv1630 c.636A>C | other_variants, linezolid | Rv1644 p.Leu232Pro | other_variants, capreomycin | Rv1694 c.33A>G | other_variants, isoniazid | Rv1908c p.Arg463Leu | other_variants, pyrazinamide | Rv1918c p.Leu896Ser | other_variants, bedaquiline; clofazimine | Rv1979c p.Tyr51Asn | other_variants, bedaquiline; clofazimine | Rv1979c c.-129A>G | other_variants, amikacin; kanamycin | Rv2416c p.Val163Ile | other_variants, cycloserine | Rv2780 c.-32T>C | other_variants, pyrazinamide | Rv3236c p.Thr102Ala | other_variants, rifampicin; bedaquiline | Rv3245c p.Met517Leu | other_variants, rifampicin; bedaquiline | Rv3245c p.Pro18Ser | other_variants, ethambutol | Rv3793 c.2781C>T | other_variants, ethambutol | Rv3794 c.228C>T | other_variants, ethambutol | Rv3795 c.1602C>T | other_variants, ethambutol | Rv3805c p.Asp397Gly | other_variants, amikacin; kanamycin; capreomycin | Rv3862c c.-75delG | other_variants, amikacin; kanamycin; capreomycin | Rv3862c c.-211C>T | other_variants, streptomycin | Rv3919c c.615A>G | other_variants, streptomycin | Rv3919c p.Glu92Asp | other_variants	Rv0006 p.Glu21Gln, Rv0006 p.Ser95Thr, Rv0006 p.Gly668Asp, Rv0407 c.960T>C, Rv0486 p.Ala187Val, Rv0529 p.Ile245Met, Rv0565c c.390G>A, Rv0565c p.Arg110His, Rv0667 c.3225T>C, Rv0676c p.Ile948Val, Rv0676c p.Thr794Ile, Rv0676c p.Asp767Asn, Rv0677c c.-710C>G, Rv0682 c.-259C>T, Rv0682 c.-165T>C, Rv1129c c.-28T>C, Rv1221 c.-67T>G, Rv1221 c.-65G>C, Rv1258c c.580_581insC, EBG00000313325 n.-187C>T, Rv1630 c.636A>C, Rv1644 p.Leu232Pro, Rv1694 c.33A>G, Rv1908c p.Arg463Leu, Rv1918c p.Leu896Ser, Rv1979c p.Tyr51Asn, Rv1979c c.-129A>G, Rv2416c p.Val163Ile, Rv2780 c.-32T>C, Rv3236c p.Thr102Ala, Rv3245c p.Met517Leu, Rv3245c p.Pro18Ser, Rv3793 c.2781C>T, Rv3794 c.228C>T, Rv3795 c.1602C>T, Rv3805c p.Asp397Gly, Rv3862c c.-75delG, Rv3862c c.-211C>T, Rv3919c c.615A>G, Rv3919c p.Glu92Asp	success
ERR108186	No resistance detected by TB-Profiler	None reported	levofloxacin; moxifloxacin; ofloxacin | Rv0005 p.Pro94Leu | other_variants, levofloxacin; moxifloxacin; ofloxacin | Rv0005 c.1983C>T | other_variants, levofloxacin; moxifloxacin; ofloxacin | Rv0006 p.Glu21Gln | other_variants, levofloxacin; moxifloxacin; ofloxacin | Rv0006 p.Ser95Thr | other_variants, levofloxacin; moxifloxacin; ofloxacin | Rv0006 p.Gly668Asp | other_variants, isoniazid; ethionamide | Rv0486 c.-484C>T | other_variants, rifampicin | Rv0668 c.1626C>G | other_variants, bedaquiline; clofazimine | Rv0676c p.Ile948Val | other_variants, streptomycin | Rv0682 c.-165T>C | other_variants, streptomycin; amikacin; kanamycin; capreomycin | EBG00000313325 n.-187C>T | other_variants, streptomycin; amikacin; kanamycin; capreomycin | EBG00000313325 n.492C>T | other_variants, linezolid | Rv1644 p.Leu232Pro | other_variants, capreomycin | Rv1694 c.33A>G | other_variants, bedaquiline; clofazimine | Rv1979c c.-129A>G | other_variants, Rv2764c p.Thr202Ala | other_variants, cycloserine | Rv2780 c.-32T>C | other_variants, rifampicin; bedaquiline | Rv3245c p.Met517Leu | other_variants, pyrazinamide | Rv3596c c.2418C>T | other_variants, ethambutol | Rv3793 c.897C>T | other_variants, ethambutol | Rv3793 c.2781C>T | other_variants, amikacin; kanamycin; capreomycin | Rv3862c c.-75delG | other_variants, amikacin; kanamycin; capreomycin | Rv3862c c.-211C>T | other_variants, streptomycin | Rv3919c p.Leu16Arg | other_variants	Rv0005 p.Pro94Leu, Rv0005 c.1983C>T, Rv0006 p.Glu21Gln, Rv0006 p.Ser95Thr, Rv0006 p.Gly668Asp, Rv0486 c.-484C>T, Rv0668 c.1626C>G, Rv0676c p.Ile948Val, Rv0682 c.-165T>C, EBG00000313325 n.-187C>T, EBG00000313325 n.492C>T, Rv1644 p.Leu232Pro, Rv1694 c.33A>G, Rv1979c c.-129A>G, Rv2764c p.Thr202Ala, Rv2780 c.-32T>C, Rv3245c p.Met517Leu, Rv3596c c.2418C>T, Rv3793 c.897C>T, Rv3793 c.2781C>T, Rv3862c c.-75delG, Rv3862c c.-211C>T, Rv3919c p.Leu16Arg	success
ERR15278530	RR-TB	rifampicin, pyrazinamide	rifampicin | Rv0667 p.Asp435Val | dr_variants, rifampicin | Rv0667 p.His445Tyr | dr_variants, pyrazinamide | Rv2043c c.518_519insT | dr_variants, levofloxacin; moxifloxacin; ofloxacin | Rv0006 p.Glu21Gln | other_variants, levofloxacin; moxifloxacin; ofloxacin | Rv0006 p.Ser95Thr | other_variants, levofloxacin; moxifloxacin; ofloxacin | Rv0006 p.Gly668Asp | other_variants, clofazimine; delamanid; pretomanid | Rv0407 c.960T>C | other_variants, ethionamide | Rv0565c c.390G>A | other_variants, rifampicin | Rv0667 c.-61C>T | other_variants, rifampicin | Rv0667 c.2628T>G | other_variants, rifampicin | Rv0667 c.3225T>C | other_variants, bedaquiline; clofazimine | Rv0676c p.Ile948Val | other_variants, bedaquiline; clofazimine | Rv0676c p.Thr794Ile | other_variants, streptomycin | Rv0682 c.-165T>C | other_variants, isoniazid; rifampicin; levofloxacin; moxifloxacin; ofloxacin | Rv1129c c.-28T>C | other_variants, streptomycin; amikacin; kanamycin; capreomycin | EBG00000313325 n.-187C>T | other_variants, linezolid | Rv1644 p.Leu232Pro | other_variants, capreomycin | Rv1694 c.33A>G | other_variants, isoniazid | Rv1908c p.Gly547Asp | other_variants, isoniazid | Rv1908c p.Arg463Leu | other_variants, pyrazinamide | Rv1918c p.Leu896Ser | other_variants, pyrazinamide | Rv1918c p.Gly51Glu | other_variants, bedaquiline; clofazimine | Rv1979c c.-129A>G | other_variants, pyrazinamide | Rv2043c c.195C>T | other_variants, pyrazinamide | Rv2043c c.-125delC | other_variants, isoniazid | Rv2428 c.-88G>A | other_variants, isoniazid | Rv2428 c.-76T>G | other_variants, rifampicin; ethambutol; streptomycin; levofloxacin; moxifloxacin; ofloxacin; amikacin; kanamycin | Rv2477c c.1545C>T | other_variants, cycloserine | Rv2780 c.-32T>C | other_variants, rifampicin; bedaquiline | Rv3245c p.Met517Leu | other_variants, pyrazinamide | Rv3601c c.-591C>T | other_variants, isoniazid; rifampicin; ethambutol; streptomycin; levofloxacin; moxifloxacin; ofloxacin | Rv3696c c.1134C>T | other_variants, ethambutol | Rv3793 p.Val104Met | other_variants, ethambutol | Rv3793 p.Arg567His | other_variants, ethambutol | Rv3793 p.Arg738Gln | other_variants, ethambutol | Rv3793 c.2781C>T | other_variants, amikacin; kanamycin; capreomycin | Rv3862c c.-75delG | other_variants, amikacin; kanamycin; capreomycin | Rv3862c c.-211C>T | other_variants, streptomycin | Rv3919c c.615A>G | other_variants	Rv0667 p.Asp435Val, Rv0667 p.His445Tyr, Rv2043c c.518_519insT, Rv0006 p.Glu21Gln, Rv0006 p.Ser95Thr, Rv0006 p.Gly668Asp, Rv0407 c.960T>C, Rv0565c c.390G>A, Rv0667 c.-61C>T, Rv0667 c.2628T>G, Rv0667 c.3225T>C, Rv0676c p.Ile948Val, Rv0676c p.Thr794Ile, Rv0682 c.-165T>C, Rv1129c c.-28T>C, EBG00000313325 n.-187C>T, Rv1644 p.Leu232Pro, Rv1694 c.33A>G, Rv1908c p.Gly547Asp, Rv1908c p.Arg463Leu, Rv1918c p.Leu896Ser, Rv1918c p.Gly51Glu, Rv1979c c.-129A>G, Rv2043c c.195C>T, Rv2043c c.-125delC, Rv2428 c.-88G>A, Rv2428 c.-76T>G, Rv2477c c.1545C>T, Rv2780 c.-32T>C, Rv3245c p.Met517Leu, Rv3601c c.-591C>T, Rv3696c c.1134C>T, Rv3793 p.Val104Met, Rv3793 p.Arg567His, Rv3793 p.Arg738Gln, Rv3793 c.2781C>T, Rv3862c c.-75delG, Rv3862c c.-211C>T, Rv3919c c.615A>G	success
ERR1633819	MDR-TB	rifampicin, isoniazid	rifampicin | Rv0667 p.His445Asp | dr_variants, isoniazid | Rv1908c p.Ser315Thr | dr_variants, levofloxacin; moxifloxacin; ofloxacin | Rv0006 p.Glu21Gln | other_variants, levofloxacin; moxifloxacin; ofloxacin | Rv0006 p.Ser95Thr | other_variants, levofloxacin; moxifloxacin; ofloxacin | Rv0006 p.Gly668Asp | other_variants, clofazimine; delamanid; pretomanid | Rv0407 c.960T>C | other_variants, isoniazid; ethionamide | Rv0486 p.Ala187Val | other_variants, amikacin; kanamycin; capreomycin | Rv0529 p.Ile245Met | other_variants, ethionamide | Rv0565c c.390G>A | other_variants, ethionamide | Rv0565c p.Arg110His | other_variants, rifampicin | Rv0667 c.3225T>C | other_variants, bedaquiline; clofazimine | Rv0676c p.Ile948Val | other_variants, bedaquiline; clofazimine | Rv0676c p.Thr794Ile | other_variants, bedaquiline; clofazimine | Rv0676c p.Asp767Asn | other_variants, bedaquiline; clofazimine | Rv0677c c.-710C>G | other_variants, streptomycin | Rv0682 c.-259C>T | other_variants, streptomycin | Rv0682 c.-165T>C | other_variants, isoniazid; rifampicin; levofloxacin; moxifloxacin; ofloxacin | Rv1129c c.-28T>C | other_variants, clofazimine; delamanid; pretomanid | Rv1173 c.-113G>C | other_variants, isoniazid; pyrazinamide; streptomycin | Rv1258c c.580_581insC | other_variants, streptomycin; amikacin; kanamycin; capreomycin | EBG00000313325 n.-187C>T | other_variants, pyrazinamide | Rv1630 c.636A>C | other_variants, linezolid | Rv1644 p.Leu232Pro | other_variants, capreomycin | Rv1694 c.33A>G | other_variants, streptomycin; amikacin; kanamycin; capreomycin | Rv1819c p.Trp153Ser | other_variants, isoniazid | Rv1908c p.Arg463Leu | other_variants, pyrazinamide | Rv1918c p.Leu896Ser | other_variants, bedaquiline; clofazimine | Rv1979c p.Tyr51Asn | other_variants, bedaquiline; clofazimine | Rv1979c c.-129A>G | other_variants, isoniazid | Rv2245 p.Ile60Val | other_variants, amikacin; kanamycin | Rv2416c p.Val163Ile | other_variants, cycloserine | Rv2780 c.-32T>C | other_variants, pyrazinamide | Rv3236c p.Thr102Ala | other_variants, rifampicin; bedaquiline | Rv3245c p.Met517Leu | other_variants, rifampicin; bedaquiline | Rv3245c p.Pro18Ser | other_variants, ethambutol | Rv3793 c.2781C>T | other_variants, ethambutol | Rv3794 c.228C>T | other_variants, ethambutol | Rv3795 c.1602C>T | other_variants, ethambutol | Rv3805c p.Asp397Gly | other_variants, amikacin; kanamycin; capreomycin | Rv3862c c.-75delG | other_variants, amikacin; kanamycin; capreomycin | Rv3862c c.-211C>T | other_variants, streptomycin | Rv3919c c.615A>G | other_variants, streptomycin | Rv3919c p.Glu92Asp | other_variants	Rv0667 p.His445Asp, Rv1908c p.Ser315Thr, Rv0006 p.Glu21Gln, Rv0006 p.Ser95Thr, Rv0006 p.Gly668Asp, Rv0407 c.960T>C, Rv0486 p.Ala187Val, Rv0529 p.Ile245Met, Rv0565c c.390G>A, Rv0565c p.Arg110His, Rv0667 c.3225T>C, Rv0676c p.Ile948Val, Rv0676c p.Thr794Ile, Rv0676c p.Asp767Asn, Rv0677c c.-710C>G, Rv0682 c.-259C>T, Rv0682 c.-165T>C, Rv1129c c.-28T>C, Rv1173 c.-113G>C, Rv1258c c.580_581insC, EBG00000313325 n.-187C>T, Rv1630 c.636A>C, Rv1644 p.Leu232Pro, Rv1694 c.33A>G, Rv1819c p.Trp153Ser, Rv1908c p.Arg463Leu, Rv1918c p.Leu896Ser, Rv1979c p.Tyr51Asn, Rv1979c c.-129A>G, Rv2245 p.Ile60Val, Rv2416c p.Val163Ile, Rv2780 c.-32T>C, Rv3236c p.Thr102Ala, Rv3245c p.Met517Leu, Rv3245c p.Pro18Ser, Rv3793 c.2781C>T, Rv3794 c.228C>T, Rv3795 c.1602C>T, Rv3805c p.Asp397Gly, Rv3862c c.-75delG, Rv3862c c.-211C>T, Rv3919c c.615A>G, Rv3919c p.Glu92Asp	success
ERR1633828	No resistance detected by TB-Profiler	None reported	isoniazid | Rv0001 c.1502_1513dupTCCGTCAGCGCT | other_variants, levofloxacin; moxifloxacin; ofloxacin | Rv0006 p.Glu21Gln | other_variants, levofloxacin; moxifloxacin; ofloxacin | Rv0006 p.Ser95Thr | other_variants, levofloxacin; moxifloxacin; ofloxacin | Rv0006 p.Gly668Asp | other_variants, clofazimine; delamanid; pretomanid | Rv0407 c.960T>C | other_variants, isoniazid; ethionamide | Rv0486 p.Ala187Val | other_variants, amikacin; kanamycin; capreomycin | Rv0529 p.Ile245Met | other_variants, ethionamide | Rv0565c c.390G>A | other_variants, ethionamide | Rv0565c p.Arg110His | other_variants, rifampicin | Rv0667 c.3225T>C | other_variants, bedaquiline; clofazimine | Rv0676c p.Ile948Val | other_variants, bedaquiline; clofazimine | Rv0676c p.Thr794Ile | other_variants, bedaquiline; clofazimine | Rv0676c p.Asp767Asn | other_variants, bedaquiline; clofazimine | Rv0677c c.-710C>G | other_variants, streptomycin | Rv0682 c.-259C>T | other_variants, streptomycin | Rv0682 c.-165T>C | other_variants, isoniazid; rifampicin; levofloxacin; moxifloxacin; ofloxacin | Rv1129c c.-28T>C | other_variants, isoniazid; pyrazinamide; streptomycin | Rv1258c c.580_581insC | other_variants, streptomycin; amikacin; kanamycin; capreomycin | EBG00000313325 n.-187C>T | other_variants, pyrazinamide | Rv1630 c.636A>C | other_variants, linezolid | Rv1644 p.Leu232Pro | other_variants, capreomycin | Rv1694 c.33A>G | other_variants, isoniazid | Rv1908c p.Arg463Leu | other_variants, pyrazinamide | Rv1918c p.Leu896Ser | other_variants, bedaquiline; clofazimine | Rv1979c p.Tyr51Asn | other_variants, bedaquiline; clofazimine | Rv1979c c.-129A>G | other_variants, amikacin; kanamycin | Rv2416c p.Val163Ile | other_variants, cycloserine | Rv2780 c.-32T>C | other_variants, pyrazinamide | Rv3236c p.Thr102Ala | other_variants, rifampicin; bedaquiline | Rv3245c p.Met517Leu | other_variants, rifampicin; bedaquiline | Rv3245c p.Pro18Ser | other_variants, ethambutol | Rv3793 c.2781C>T | other_variants, ethambutol | Rv3794 c.228C>T | other_variants, ethambutol | Rv3795 c.1602C>T | other_variants, ethambutol | Rv3805c p.Asp397Gly | other_variants, amikacin; kanamycin; capreomycin | Rv3862c c.-75delG | other_variants, streptomycin | Rv3919c c.615A>G | other_variants, streptomycin | Rv3919c p.Glu92Asp | other_variants	Rv0001 c.1502_1513dupTCCGTCAGCGCT, Rv0006 p.Glu21Gln, Rv0006 p.Ser95Thr, Rv0006 p.Gly668Asp, Rv0407 c.960T>C, Rv0486 p.Ala187Val, Rv0529 p.Ile245Met, Rv0565c c.390G>A, Rv0565c p.Arg110His, Rv0667 c.3225T>C, Rv0676c p.Ile948Val, Rv0676c p.Thr794Ile, Rv0676c p.Asp767Asn, Rv0677c c.-710C>G, Rv0682 c.-259C>T, Rv0682 c.-165T>C, Rv1129c c.-28T>C, Rv1258c c.580_581insC, EBG00000313325 n.-187C>T, Rv1630 c.636A>C, Rv1644 p.Leu232Pro, Rv1694 c.33A>G, Rv1908c p.Arg463Leu, Rv1918c p.Leu896Ser, Rv1979c p.Tyr51Asn, Rv1979c c.-129A>G, Rv2416c p.Val163Ile, Rv2780 c.-32T>C, Rv3236c p.Thr102Ala, Rv3245c p.Met517Leu, Rv3245c p.Pro18Ser, Rv3793 c.2781C>T, Rv3794 c.228C>T, Rv3795 c.1602C>T, Rv3805c p.Asp397Gly, Rv3862c c.-75delG, Rv3919c c.615A>G, Rv3919c p.Glu92Asp	success
ERR1679657	No resistance detected by TB-Profiler	None reported	levofloxacin; moxifloxacin; ofloxacin | Rv0006 p.Glu21Gln | other_variants, levofloxacin; moxifloxacin; ofloxacin | Rv0006 p.Ser95Thr | other_variants, levofloxacin; moxifloxacin; ofloxacin | Rv0006 p.Gly668Asp | other_variants, bedaquiline; clofazimine | Rv0676c p.Ile948Val | other_variants, bedaquiline; clofazimine | Rv0676c c.183G>A | other_variants, streptomycin | Rv0682 c.-165T>C | other_variants, streptomycin; amikacin; kanamycin; capreomycin | EBG00000313325 n.-187C>T | other_variants, linezolid | Rv1644 p.Leu232Pro | other_variants, capreomycin | Rv1694 c.33A>G | other_variants, streptomycin; amikacin; kanamycin; capreomycin | Rv1819c c.1542C>T | other_variants, isoniazid | Rv1908c p.Trp191Gly | other_variants, bedaquiline; clofazimine | Rv1979c c.1416_1418dupCCG | other_variants, bedaquiline; clofazimine | Rv1979c c.-129A>G | other_variants, capreomycin | Rv2680 p.Ala35Asp | other_variants, Rv2754c p.Pro158Ala | other_variants, ethionamide | Rv3083 p.His22Asp | other_variants, pyrazinamide | Rv3236c c.546C>T | other_variants, cycloserine | Rv3423c c.-246T>C | other_variants, ethambutol | Rv3793 c.2688C>G | other_variants, ethambutol | Rv3793 c.2781C>T | other_variants, ethambutol | Rv3805c p.Lys522Arg | other_variants, ethionamide | Rv3854c c.735C>G | other_variants, ethionamide | Rv3855 c.456G>A | other_variants, amikacin; kanamycin; capreomycin | Rv3862c c.-75delG | other_variants, amikacin; kanamycin; capreomycin | Rv3862c c.-211C>T | other_variants, streptomycin | Rv3919c p.Pro75Ser | other_variants	Rv0006 p.Glu21Gln, Rv0006 p.Ser95Thr, Rv0006 p.Gly668Asp, Rv0676c p.Ile948Val, Rv0676c c.183G>A, Rv0682 c.-165T>C, EBG00000313325 n.-187C>T, Rv1644 p.Leu232Pro, Rv1694 c.33A>G, Rv1819c c.1542C>T, Rv1908c p.Trp191Gly, Rv1979c c.1416_1418dupCCG, Rv1979c c.-129A>G, Rv2680 p.Ala35Asp, Rv2754c p.Pro158Ala, Rv3083 p.His22Asp, Rv3236c c.546C>T, Rv3423c c.-246T>C, Rv3793 c.2688C>G, Rv3793 c.2781C>T, Rv3805c p.Lys522Arg, Rv3854c c.735C>G, Rv3855 c.456G>A, Rv3862c c.-75delG, Rv3862c c.-211C>T, Rv3919c p.Pro75Ser	success
ERR17070187	MDR-TB	rifampicin, ethionamide, isoniazid, pyrazinamide, ethambutol	rifampicin | Rv0667 p.Ser450Leu | dr_variants, ethionamide; isoniazid | Rv1484 c.-777C>T | dr_variants, ethionamide; isoniazid | Rv1484 p.Ile194Thr | dr_variants, pyrazinamide | Rv2043c p.Asp8Asn | dr_variants, ethambutol | Rv3795 p.Met306Val | dr_variants, ethionamide | Rv3855 p.Ala95Thr | dr_variants, levofloxacin; moxifloxacin; ofloxacin | Rv0006 p.Glu21Gln | other_variants, levofloxacin; moxifloxacin; ofloxacin | Rv0006 p.Ser95Thr | other_variants, levofloxacin; moxifloxacin; ofloxacin | Rv0006 p.Gly668Asp | other_variants, clofazimine; delamanid; pretomanid | Rv0407 c.960T>C | other_variants, isoniazid; ethionamide | Rv0486 p.Ala187Val | other_variants, amikacin; kanamycin; capreomycin | Rv0529 p.Ile245Met | other_variants, ethionamide | Rv0565c c.390G>A | other_variants, ethionamide | Rv0565c p.Arg110His | other_variants, rifampicin | Rv0667 c.3225T>C | other_variants, rifampicin | Rv0668 c.186C>T | other_variants, rifampicin | Rv0668 p.Asp485Tyr | other_variants, bedaquiline; clofazimine | Rv0676c p.Ile948Val | other_variants, bedaquiline; clofazimine | Rv0676c p.Thr794Ile | other_variants, bedaquiline; clofazimine | Rv0676c p.Asp767Asn | other_variants, bedaquiline; clofazimine | Rv0677c c.-74G>T | other_variants, bedaquiline; clofazimine | Rv0677c c.-710C>G | other_variants, streptomycin | Rv0682 c.-165T>C | other_variants, isoniazid; rifampicin; levofloxacin; moxifloxacin; ofloxacin | Rv1129c c.-28T>C | other_variants, isoniazid; pyrazinamide; streptomycin | Rv1258c c.580_581insC | other_variants, streptomycin; amikacin; kanamycin; capreomycin | EBG00000313325 n.-187C>T | other_variants, pyrazinamide | Rv1630 c.636A>C | other_variants, linezolid | Rv1644 p.Leu232Pro | other_variants, capreomycin | Rv1694 c.33A>G | other_variants, isoniazid | Rv1908c p.Arg463Leu | other_variants, pyrazinamide | Rv1918c p.Leu896Ser | other_variants, bedaquiline; clofazimine | Rv1979c c.-129A>G | other_variants, cycloserine | Rv2780 c.-32T>C | other_variants, pyrazinamide | Rv3236c p.Thr102Ala | other_variants, rifampicin; bedaquiline | Rv3245c p.Met517Leu | other_variants, rifampicin; bedaquiline | Rv3245c p.Pro18Ser | other_variants, ethambutol | Rv3793 c.2781C>T | other_variants, ethambutol | Rv3794 c.228C>T | other_variants, ethambutol | Rv3805c p.Asp397Gly | other_variants, amikacin; kanamycin; capreomycin | Rv3862c c.-75delG | other_variants, amikacin; kanamycin; capreomycin | Rv3862c c.-211C>T | other_variants, streptomycin | Rv3919c c.615A>G | other_variants, streptomycin | Rv3919c p.Glu92Asp | other_variants	Rv0667 p.Ser450Leu, Rv1484 c.-777C>T, Rv1484 p.Ile194Thr, Rv2043c p.Asp8Asn, Rv3795 p.Met306Val, Rv3855 p.Ala95Thr, Rv0006 p.Glu21Gln, Rv0006 p.Ser95Thr, Rv0006 p.Gly668Asp, Rv0407 c.960T>C, Rv0486 p.Ala187Val, Rv0529 p.Ile245Met, Rv0565c c.390G>A, Rv0565c p.Arg110His, Rv0667 c.3225T>C, Rv0668 c.186C>T, Rv0668 p.Asp485Tyr, Rv0676c p.Ile948Val, Rv0676c p.Thr794Ile, Rv0676c p.Asp767Asn, Rv0677c c.-74G>T, Rv0677c c.-710C>G, Rv0682 c.-165T>C, Rv1129c c.-28T>C, Rv1258c c.580_581insC, EBG00000313325 n.-187C>T, Rv1630 c.636A>C, Rv1644 p.Leu232Pro, Rv1694 c.33A>G, Rv1908c p.Arg463Leu, Rv1918c p.Leu896Ser, Rv1979c c.-129A>G, Rv2780 c.-32T>C, Rv3236c p.Thr102Ala, Rv3245c p.Met517Leu, Rv3245c p.Pro18Ser, Rv3793 c.2781C>T, Rv3794 c.228C>T, Rv3805c p.Asp397Gly, Rv3862c c.-75delG, Rv3862c c.-211C>T, Rv3919c c.615A>G, Rv3919c p.Glu92Asp	success
ERR17070204	MDR-TB	rifampicin, ethionamide, isoniazid	rifampicin | Rv0667 p.Ser450Leu | dr_variants, ethionamide; isoniazid | Rv1484 c.-777C>T | dr_variants, ethionamide | Rv3855 p.Ala95Thr | dr_variants, levofloxacin; moxifloxacin; ofloxacin | Rv0006 p.Glu21Gln | other_variants, levofloxacin; moxifloxacin; ofloxacin | Rv0006 p.Ser95Thr | other_variants, levofloxacin; moxifloxacin; ofloxacin | Rv0006 p.Gly668Asp | other_variants, clofazimine; delamanid; pretomanid | Rv0407 c.960T>C | other_variants, isoniazid; ethionamide | Rv0486 p.Ala187Val | other_variants, amikacin; kanamycin; capreomycin | Rv0529 p.Ile245Met | other_variants, ethionamide | Rv0565c c.390G>A | other_variants, ethionamide | Rv0565c p.Arg110His | other_variants, rifampicin | Rv0667 c.3225T>C | other_variants, rifampicin | Rv0668 c.186C>T | other_variants, rifampicin | Rv0668 p.Gln687Lys | other_variants, bedaquiline; clofazimine | Rv0676c p.Ile948Val | other_variants, bedaquiline; clofazimine | Rv0676c p.Thr794Ile | other_variants, bedaquiline; clofazimine | Rv0676c p.Asp767Asn | other_variants, bedaquiline; clofazimine | Rv0677c c.-74G>T | other_variants, bedaquiline; clofazimine | Rv0677c c.-710C>G | other_variants, streptomycin | Rv0682 c.-165T>C | other_variants, isoniazid; rifampicin; levofloxacin; moxifloxacin; ofloxacin | Rv1129c c.-28T>C | other_variants, isoniazid; pyrazinamide; streptomycin | Rv1258c c.580_581insC | other_variants, streptomycin; amikacin; kanamycin; capreomycin | EBG00000313325 n.-187C>T | other_variants, pyrazinamide | Rv1630 c.636A>C | other_variants, linezolid | Rv1644 p.Leu232Pro | other_variants, capreomycin | Rv1694 c.33A>G | other_variants, isoniazid | Rv1908c p.Arg463Leu | other_variants, pyrazinamide | Rv1918c p.Leu896Ser | other_variants, bedaquiline; clofazimine | Rv1979c c.-129A>G | other_variants, cycloserine | Rv2780 c.-32T>C | other_variants, pyrazinamide | Rv3236c p.Thr102Ala | other_variants, rifampicin; bedaquiline | Rv3245c p.Met517Leu | other_variants, rifampicin; bedaquiline | Rv3245c p.Pro18Ser | other_variants, ethambutol | Rv3793 c.2781C>T | other_variants, ethambutol | Rv3794 c.228C>T | other_variants, ethambutol | Rv3805c p.Asp397Gly | other_variants, amikacin; kanamycin; capreomycin | Rv3862c c.-75delG | other_variants, amikacin; kanamycin; capreomycin | Rv3862c c.-211C>T | other_variants, streptomycin | Rv3919c c.615A>G | other_variants, streptomycin | Rv3919c p.Glu92Asp | other_variants	Rv0667 p.Ser450Leu, Rv1484 c.-777C>T, Rv3855 p.Ala95Thr, Rv0006 p.Glu21Gln, Rv0006 p.Ser95Thr, Rv0006 p.Gly668Asp, Rv0407 c.960T>C, Rv0486 p.Ala187Val, Rv0529 p.Ile245Met, Rv0565c c.390G>A, Rv0565c p.Arg110His, Rv0667 c.3225T>C, Rv0668 c.186C>T, Rv0668 p.Gln687Lys, Rv0676c p.Ile948Val, Rv0676c p.Thr794Ile, Rv0676c p.Asp767Asn, Rv0677c c.-74G>T, Rv0677c c.-710C>G, Rv0682 c.-165T>C, Rv1129c c.-28T>C, Rv1258c c.580_581insC, EBG00000313325 n.-187C>T, Rv1630 c.636A>C, Rv1644 p.Leu232Pro, Rv1694 c.33A>G, Rv1908c p.Arg463Leu, Rv1918c p.Leu896Ser, Rv1979c c.-129A>G, Rv2780 c.-32T>C, Rv3236c p.Thr102Ala, Rv3245c p.Met517Leu, Rv3245c p.Pro18Ser, Rv3793 c.2781C>T, Rv3794 c.228C>T, Rv3805c p.Asp397Gly, Rv3862c c.-75delG, Rv3862c c.-211C>T, Rv3919c c.615A>G, Rv3919c p.Glu92Asp	success
ERR171147	No resistance detected by TB-Profiler	None reported	levofloxacin; moxifloxacin; ofloxacin | Rv0006 p.Glu21Gln | other_variants, bedaquiline; clofazimine | Rv0676c p.Ile948Val | other_variants, streptomycin | Rv0682 c.-165T>C | other_variants, streptomycin; amikacin; kanamycin; capreomycin | EBG00000313325 n.-187C>T | other_variants, capreomycin; linezolid | EBG00000313339 n.344C>T | other_variants, capreomycin | Rv1694 c.33A>G | other_variants, pyrazinamide | Rv1918c p.Pro822Ser | other_variants, pyrazinamide | Rv1918c c.-280G>A | other_variants, bedaquiline; clofazimine | Rv1979c c.-129A>G | other_variants, capreomycin | Rv2680 c.-257G>A | other_variants, clofazimine; delamanid; pretomanid | Rv2983 c.-78T>C | other_variants, ethionamide | Rv3083 c.-6_*1407del | other_variants, clofazimine; delamanid; pretomanid | Rv3262 p.Leu447Arg | other_variants, ethambutol | Rv3793 c.2781C>T | other_variants, ethambutol | Rv3794 p.Val676Ile | other_variants, amikacin; kanamycin; capreomycin | Rv3862c c.-75delG | other_variants	Rv0006 p.Glu21Gln, Rv0676c p.Ile948Val, Rv0682 c.-165T>C, EBG00000313325 n.-187C>T, EBG00000313339 n.344C>T, Rv1694 c.33A>G, Rv1918c p.Pro822Ser, Rv1918c c.-280G>A, Rv1979c c.-129A>G, Rv2680 c.-257G>A, Rv2983 c.-78T>C, Rv3083 c.-6_*1407del, Rv3262 p.Leu447Arg, Rv3793 c.2781C>T, Rv3794 p.Val676Ile, Rv3862c c.-75delG	success
ERR171149	No resistance detected by TB-Profiler	None reported	levofloxacin; moxifloxacin; ofloxacin | Rv0006 p.Glu21Gln | other_variants, levofloxacin; moxifloxacin; ofloxacin | Rv0006 p.Ser95Thr | other_variants, levofloxacin; moxifloxacin; ofloxacin | Rv0006 p.Gly668Asp | other_variants, clofazimine; delamanid; pretomanid | Rv0407 c.960T>C | other_variants, isoniazid; ethionamide | Rv0486 p.Ala187Val | other_variants, amikacin; kanamycin; capreomycin | Rv0529 p.Ile245Met | other_variants, ethionamide | Rv0565c c.390G>A | other_variants, ethionamide | Rv0565c p.Arg110His | other_variants, rifampicin | Rv0667 c.3225T>C | other_variants, bedaquiline; clofazimine | Rv0676c p.Ile948Val | other_variants, bedaquiline; clofazimine | Rv0676c p.Thr794Ile | other_variants, bedaquiline; clofazimine | Rv0676c p.Asp767Asn | other_variants, bedaquiline; clofazimine | Rv0677c c.-710C>G | other_variants, streptomycin | Rv0682 c.-165T>C | other_variants, isoniazid; rifampicin; levofloxacin; moxifloxacin; ofloxacin | Rv1129c c.-28T>C | other_variants, isoniazid; pyrazinamide; streptomycin | Rv1258c c.580_581insC | other_variants, streptomycin; amikacin; kanamycin; capreomycin | EBG00000313325 n.-187C>T | other_variants, pyrazinamide | Rv1630 c.636A>C | other_variants, linezolid | Rv1644 p.Leu232Pro | other_variants, capreomycin | Rv1694 c.33A>G | other_variants, isoniazid | Rv1908c p.Arg463Leu | other_variants, pyrazinamide | Rv1918c p.Leu896Ser | other_variants, bedaquiline; clofazimine | Rv1979c c.-129A>G | other_variants, cycloserine | Rv2780 c.-32T>C | other_variants, pyrazinamide | Rv3236c p.Thr102Ala | other_variants, rifampicin; bedaquiline | Rv3245c p.Met517Leu | other_variants, rifampicin; bedaquiline | Rv3245c p.Pro18Ser | other_variants, ethambutol | Rv3793 c.2781C>T | other_variants, ethambutol | Rv3794 c.228C>T | other_variants, ethambutol | Rv3805c p.Asp397Gly | other_variants, amikacin; kanamycin; capreomycin | Rv3862c c.-75delG | other_variants, amikacin; kanamycin; capreomycin | Rv3862c c.-211C>T | other_variants, streptomycin | Rv3919c c.615A>G | other_variants, streptomycin | Rv3919c p.Glu92Asp | other_variants	Rv0006 p.Glu21Gln, Rv0006 p.Ser95Thr, Rv0006 p.Gly668Asp, Rv0407 c.960T>C, Rv0486 p.Ala187Val, Rv0529 p.Ile245Met, Rv0565c c.390G>A, Rv0565c p.Arg110His, Rv0667 c.3225T>C, Rv0676c p.Ile948Val, Rv0676c p.Thr794Ile, Rv0676c p.Asp767Asn, Rv0677c c.-710C>G, Rv0682 c.-165T>C, Rv1129c c.-28T>C, Rv1258c c.580_581insC, EBG00000313325 n.-187C>T, Rv1630 c.636A>C, Rv1644 p.Leu232Pro, Rv1694 c.33A>G, Rv1908c p.Arg463Leu, Rv1918c p.Leu896Ser, Rv1979c c.-129A>G, Rv2780 c.-32T>C, Rv3236c p.Thr102Ala, Rv3245c p.Met517Leu, Rv3245c p.Pro18Ser, Rv3793 c.2781C>T, Rv3794 c.228C>T, Rv3805c p.Asp397Gly, Rv3862c c.-75delG, Rv3862c c.-211C>T, Rv3919c c.615A>G, Rv3919c p.Glu92Asp	success
ERR171152	No resistance detected by TB-Profiler	None reported	isoniazid | Rv0001 p.Pro53Ser | other_variants, levofloxacin; moxifloxacin; ofloxacin | Rv0006 p.Glu21Gln | other_variants, rifampicin | Rv0668 c.1557C>A | other_variants, bedaquiline; clofazimine | Rv0676c p.Ile948Val | other_variants, streptomycin | Rv0682 c.-165T>C | other_variants, streptomycin; amikacin; kanamycin; capreomycin | EBG00000313325 n.-187C>T | other_variants, capreomycin; linezolid | EBG00000313339 n.637C>G | other_variants, capreomycin | Rv1694 c.33A>G | other_variants, bedaquiline; clofazimine | Rv1979c c.-129A>G | other_variants, cycloserine | Rv3423c p.Asp244Gly | other_variants, pyrazinamide | Rv3596c c.2151C>T | other_variants, ethambutol | Rv3793 c.2781C>T | other_variants, ethambutol | Rv3795 c.3219C>G | other_variants, ethambutol | Rv3806c c.-100C>G | other_variants, amikacin; kanamycin; capreomycin | Rv3862c c.-75delG | other_variants	Rv0001 p.Pro53Ser, Rv0006 p.Glu21Gln, Rv0668 c.1557C>A, Rv0676c p.Ile948Val, Rv0682 c.-165T>C, EBG00000313325 n.-187C>T, EBG00000313339 n.637C>G, Rv1694 c.33A>G, Rv1979c c.-129A>G, Rv3423c p.Asp244Gly, Rv3596c c.2151C>T, Rv3793 c.2781C>T, Rv3795 c.3219C>G, Rv3806c c.-100C>G, Rv3862c c.-75delG	success
ERR171153	No resistance detected by TB-Profiler	None reported	isoniazid | Rv0001 p.Pro53Ser | other_variants, levofloxacin; moxifloxacin; ofloxacin | Rv0006 p.Glu21Gln | other_variants, rifampicin | Rv0668 c.1557C>A | other_variants, bedaquiline; clofazimine | Rv0676c p.Ile948Val | other_variants, streptomycin | Rv0682 c.-165T>C | other_variants, streptomycin; amikacin; kanamycin; capreomycin | EBG00000313325 n.-187C>T | other_variants, capreomycin; linezolid | EBG00000313339 n.637C>G | other_variants, capreomycin | Rv1694 c.33A>G | other_variants, bedaquiline; clofazimine | Rv1979c c.-129A>G | other_variants, cycloserine | Rv3423c p.Asp244Gly | other_variants, pyrazinamide | Rv3596c c.2151C>T | other_variants, ethambutol | Rv3793 c.2781C>T | other_variants, ethambutol | Rv3795 c.3219C>G | other_variants, ethambutol | Rv3806c c.-100C>G | other_variants, amikacin; kanamycin; capreomycin | Rv3862c c.-75delG | other_variants	Rv0001 p.Pro53Ser, Rv0006 p.Glu21Gln, Rv0668 c.1557C>A, Rv0676c p.Ile948Val, Rv0682 c.-165T>C, EBG00000313325 n.-187C>T, EBG00000313339 n.637C>G, Rv1694 c.33A>G, Rv1979c c.-129A>G, Rv3423c p.Asp244Gly, Rv3596c c.2151C>T, Rv3793 c.2781C>T, Rv3795 c.3219C>G, Rv3806c c.-100C>G, Rv3862c c.-75delG	success
ERR7801260	No resistance detected by TB-Profiler	None reported	levofloxacin; moxifloxacin; ofloxacin | Rv0006 p.Glu21Gln | other_variants, levofloxacin; moxifloxacin; ofloxacin | Rv0006 p.Ser95Thr | other_variants, levofloxacin; moxifloxacin; ofloxacin | Rv0006 p.Gly668Asp | other_variants, rifampicin | Rv0667 p.Asp634Gly | other_variants, rifampicin | Rv0668 c.1626C>G | other_variants, bedaquiline; clofazimine | Rv0676c p.Ile948Val | other_variants, streptomycin | Rv0682 c.-165T>C | other_variants, streptomycin; amikacin; kanamycin; capreomycin | EBG00000313325 n.-187C>T | other_variants, linezolid | Rv1644 p.Leu232Pro | other_variants, capreomycin | Rv1694 c.33A>G | other_variants, streptomycin; amikacin; kanamycin; capreomycin | Rv1819c p.Arg508Cys | other_variants, isoniazid | Rv1908c c.-499G>A | other_variants, bedaquiline; clofazimine | Rv1979c c.-129A>G | other_variants, isoniazid; rifampicin; ethambutol; levofloxacin; moxifloxacin; ofloxacin | Rv2752c p.Val300Ala | other_variants, Rv2764c p.Thr202Ala | other_variants, cycloserine | Rv2780 c.-32T>C | other_variants, pyrazinamide | Rv3236c p.Ala370Thr | other_variants, rifampicin; bedaquiline | Rv3245c p.Met517Leu | other_variants, pyrazinamide | Rv3596c c.2418C>T | other_variants, isoniazid; rifampicin; ethambutol; streptomycin; levofloxacin; moxifloxacin; ofloxacin | Rv3696c c.572dupG | other_variants, ethambutol | Rv3793 c.-100C>T | other_variants, ethambutol | Rv3793 c.2781C>T | other_variants, amikacin; kanamycin; capreomycin | Rv3862c c.-75delG | other_variants, amikacin; kanamycin; capreomycin | Rv3862c c.-211C>T | other_variants, streptomycin | Rv3919c p.Leu16Arg | other_variants	Rv0006 p.Glu21Gln, Rv0006 p.Ser95Thr, Rv0006 p.Gly668Asp, Rv0667 p.Asp634Gly, Rv0668 c.1626C>G, Rv0676c p.Ile948Val, Rv0682 c.-165T>C, EBG00000313325 n.-187C>T, Rv1644 p.Leu232Pro, Rv1694 c.33A>G, Rv1819c p.Arg508Cys, Rv1908c c.-499G>A, Rv1979c c.-129A>G, Rv2752c p.Val300Ala, Rv2764c p.Thr202Ala, Rv2780 c.-32T>C, Rv3236c p.Ala370Thr, Rv3245c p.Met517Leu, Rv3596c c.2418C>T, Rv3696c c.572dupG, Rv3793 c.-100C>T, Rv3793 c.2781C>T, Rv3862c c.-75delG, Rv3862c c.-211C>T, Rv3919c p.Leu16Arg	success
ERR8774265	Pre-XDR-TB	levofloxacin, moxifloxacin, rifampicin, ethambutol, streptomycin	levofloxacin; moxifloxacin | Rv0006 p.Asp94Ala | dr_variants, rifampicin | Rv0667 p.Ser441Gln | dr_variants, isoniazid | Rv1908c p.Gly234Glu | dr_variants, isoniazid | Rv2428 c.-74G>A | dr_variants, ethambutol | Rv3795 p.Met306Ile | dr_variants, streptomycin | Rv3919c c.102delG | dr_variants, levofloxacin; moxifloxacin; ofloxacin | Rv0006 p.Glu21Gln | other_variants, levofloxacin; moxifloxacin; ofloxacin | Rv0006 p.Ser95Thr | other_variants, levofloxacin; moxifloxacin; ofloxacin | Rv0006 p.Gly668Asp | other_variants, bedaquiline; clofazimine | Rv0676c p.Ile948Val | other_variants, bedaquiline; clofazimine | Rv0676c c.183G>A | other_variants, streptomycin | Rv0682 c.-165T>C | other_variants, streptomycin; amikacin; kanamycin; capreomycin | EBG00000313325 n.-187C>T | other_variants, linezolid | Rv1644 p.Leu232Pro | other_variants, capreomycin | Rv1694 c.33A>G | other_variants, streptomycin; amikacin; kanamycin; capreomycin | Rv1819c c.1542C>T | other_variants, isoniazid | Rv1908c c.723C>G | other_variants, bedaquiline; clofazimine | Rv1979c c.1416_1418dupCCG | other_variants, bedaquiline; clofazimine | Rv1979c c.-129A>G | other_variants, pyrazinamide | Rv2043c c.163_*200del | other_variants, capreomycin | Rv2680 p.Ala35Asp | other_variants, Rv2754c p.Pro158Ala | other_variants, ethionamide | Rv3083 p.His22Asp | other_variants, pyrazinamide | Rv3236c c.546C>T | other_variants, ethambutol | Rv3793 c.2688C>G | other_variants, ethambutol | Rv3793 c.2781C>T | other_variants, ethambutol | Rv3794 c.-43G>C | other_variants, ethambutol | Rv3805c p.Lys522Arg | other_variants, ethionamide | Rv3854c c.735C>G | other_variants, ethionamide | Rv3855 c.456G>A | other_variants, amikacin; kanamycin; capreomycin | Rv3862c c.-75delG | other_variants, amikacin; kanamycin; capreomycin | Rv3862c c.-211C>T | other_variants	Rv0006 p.Asp94Ala, Rv0667 p.Ser441Gln, Rv1908c p.Gly234Glu, Rv2428 c.-74G>A, Rv3795 p.Met306Ile, Rv3919c c.102delG, Rv0006 p.Glu21Gln, Rv0006 p.Ser95Thr, Rv0006 p.Gly668Asp, Rv0676c p.Ile948Val, Rv0676c c.183G>A, Rv0682 c.-165T>C, EBG00000313325 n.-187C>T, Rv1644 p.Leu232Pro, Rv1694 c.33A>G, Rv1819c c.1542C>T, Rv1908c c.723C>G, Rv1979c c.1416_1418dupCCG, Rv1979c c.-129A>G, Rv2043c c.163_*200del, Rv2680 p.Ala35Asp, Rv2754c p.Pro158Ala, Rv3083 p.His22Asp, Rv3236c c.546C>T, Rv3793 c.2688C>G, Rv3793 c.2781C>T, Rv3794 c.-43G>C, Rv3805c p.Lys522Arg, Rv3854c c.735C>G, Rv3855 c.456G>A, Rv3862c c.-75delG, Rv3862c c.-211C>T	success
SRR1062841	Pre-XDR-TB	levofloxacin, moxifloxacin, rifampicin, ethionamide, isoniazid, pyrazinamide, cycloserine, ethambutol	levofloxacin; moxifloxacin | Rv0006 p.Asp94His | dr_variants, rifampicin | Rv0667 p.Ser450Leu | dr_variants, streptomycin | EBG00000313325 n.878G>A | dr_variants, ethionamide; isoniazid | Rv1484 c.-777C>T | dr_variants, isoniazid | Rv1908c p.Ser315Thr | dr_variants, pyrazinamide | Rv2043c p.Arg154Gly | dr_variants, cycloserine | Rv2780 c.464delG | dr_variants, ethambutol | Rv3794 c.-16C>G | dr_variants, ethambutol | Rv3795 p.Met306Ile | dr_variants, ethionamide | Rv3854c c.1192_1194dupGTG | dr_variants, ethionamide | Rv3854c c.869dupA | dr_variants, levofloxacin; moxifloxacin; ofloxacin | Rv0006 p.Glu21Gln | other_variants, levofloxacin; moxifloxacin; ofloxacin | Rv0006 p.Ser95Thr | other_variants, levofloxacin; moxifloxacin; ofloxacin | Rv0006 p.Gly668Asp | other_variants, ethionamide | Rv0565c p.Ser68Pro | other_variants, rifampicin | Rv0667 p.Arg827Cys | other_variants, rifampicin | Rv0668 p.Gly594Glu | other_variants, bedaquiline; clofazimine | Rv0676c p.Ile948Val | other_variants, streptomycin | Rv0682 c.-165T>C | other_variants, streptomycin | Rv0682 c.-125G>C | other_variants, linezolid | Rv0701 c.-590T>C | other_variants, streptomycin; amikacin; kanamycin; capreomycin | EBG00000313325 n.-187C>T | other_variants, linezolid | Rv1644 p.Leu232Pro | other_variants, capreomycin | Rv1694 c.33A>G | other_variants, bedaquiline; clofazimine | Rv1979c c.-129A>G | other_variants, cycloserine | Rv2780 c.-32T>C | other_variants, rifampicin; bedaquiline | Rv3245c p.Met517Leu | other_variants, ethambutol | Rv3793 c.2781C>T | other_variants, ethambutol | Rv3793 p.Val981Leu | other_variants, ethambutol | Rv3795 c.2895G>A | other_variants, amikacin; kanamycin; capreomycin | Rv3862c c.-75delG | other_variants, amikacin; kanamycin; capreomycin | Rv3862c c.-211C>T | other_variants, streptomycin | Rv3919c c.405G>T | other_variants	Rv0006 p.Asp94His, Rv0667 p.Ser450Leu, EBG00000313325 n.878G>A, Rv1484 c.-777C>T, Rv1908c p.Ser315Thr, Rv2043c p.Arg154Gly, Rv2780 c.464delG, Rv3794 c.-16C>G, Rv3795 p.Met306Ile, Rv3854c c.1192_1194dupGTG, Rv3854c c.869dupA, Rv0006 p.Glu21Gln, Rv0006 p.Ser95Thr, Rv0006 p.Gly668Asp, Rv0565c p.Ser68Pro, Rv0667 p.Arg827Cys, Rv0668 p.Gly594Glu, Rv0676c p.Ile948Val, Rv0682 c.-165T>C, Rv0682 c.-125G>C, Rv0701 c.-590T>C, EBG00000313325 n.-187C>T, Rv1644 p.Leu232Pro, Rv1694 c.33A>G, Rv1979c c.-129A>G, Rv2780 c.-32T>C, Rv3245c p.Met517Leu, Rv3793 c.2781C>T, Rv3793 p.Val981Leu, Rv3795 c.2895G>A, Rv3862c c.-75delG, Rv3862c c.-211C>T, Rv3919c c.405G>T	success
SRR1062843	Pre-XDR-TB	levofloxacin, moxifloxacin, rifampicin, ethionamide, isoniazid, pyrazinamide, ethambutol, streptomycin	levofloxacin; moxifloxacin | Rv0006 p.Ala90Val | dr_variants, rifampicin | Rv0667 p.Asp435Gly | dr_variants, rifampicin | Rv0667 p.Leu452Pro | dr_variants, amikacin; capreomycin; kanamycin | EBG00000313325 n.1401A>G | dr_variants, ethionamide; isoniazid | Rv1484 c.-770T>A | dr_variants, isoniazid | Rv1908c p.Ser315Thr | dr_variants, pyrazinamide | Rv2043c c.456dupC | dr_variants, ethambutol | Rv3795 p.Met306Val | dr_variants, ethionamide | Rv3854c c.-11A>G | dr_variants, streptomycin | Rv3919c c.161_290del | dr_variants, levofloxacin; moxifloxacin; ofloxacin | Rv0006 p.Glu21Gln | other_variants, levofloxacin; moxifloxacin; ofloxacin | Rv0006 p.Ser95Thr | other_variants, levofloxacin; moxifloxacin; ofloxacin | Rv0006 p.Gly247Ser | other_variants, levofloxacin; moxifloxacin; ofloxacin | Rv0006 p.Gly668Asp | other_variants, rifampicin | Rv0667 p.Ile1106Thr | other_variants, rifampicin | Rv0668 c.1626C>G | other_variants, bedaquiline; clofazimine | Rv0676c p.Ile948Val | other_variants, streptomycin | Rv0682 c.-165T>C | other_variants, streptomycin; amikacin; kanamycin; capreomycin | EBG00000313325 n.-187C>T | other_variants, capreomycin; linezolid | EBG00000313339 n.2399G>A | other_variants, linezolid | Rv1644 p.Leu232Pro | other_variants, capreomycin | Rv1694 c.33A>G | other_variants, bedaquiline; clofazimine | Rv1979c p.Glu38Asp | other_variants, bedaquiline; clofazimine | Rv1979c c.-129A>G | other_variants, isoniazid | Rv2245 p.Gly269Ser | other_variants, isoniazid; rifampicin; ethambutol; levofloxacin; moxifloxacin; ofloxacin | Rv2752c p.Pro123Leu | other_variants, Rv2764c p.Thr202Ala | other_variants, cycloserine | Rv2780 c.-32T>C | other_variants, rifampicin; bedaquiline | Rv3245c p.Met517Leu | other_variants, pyrazinamide | Rv3596c c.2418C>T | other_variants, ethambutol | Rv3793 c.2781C>T | other_variants, ethambutol | Rv3806c p.Val188Ala | other_variants, amikacin; kanamycin; capreomycin | Rv3862c c.-75delG | other_variants, amikacin; kanamycin; capreomycin | Rv3862c c.-211C>T | other_variants, streptomycin | Rv3919c p.Leu16Arg | other_variants	Rv0006 p.Ala90Val, Rv0667 p.Asp435Gly, Rv0667 p.Leu452Pro, EBG00000313325 n.1401A>G, Rv1484 c.-770T>A, Rv1908c p.Ser315Thr, Rv2043c c.456dupC, Rv3795 p.Met306Val, Rv3854c c.-11A>G, Rv3919c c.161_290del, Rv0006 p.Glu21Gln, Rv0006 p.Ser95Thr, Rv0006 p.Gly247Ser, Rv0006 p.Gly668Asp, Rv0667 p.Ile1106Thr, Rv0668 c.1626C>G, Rv0676c p.Ile948Val, Rv0682 c.-165T>C, EBG00000313325 n.-187C>T, EBG00000313339 n.2399G>A, Rv1644 p.Leu232Pro, Rv1694 c.33A>G, Rv1979c p.Glu38Asp, Rv1979c c.-129A>G, Rv2245 p.Gly269Ser, Rv2752c p.Pro123Leu, Rv2764c p.Thr202Ala, Rv2780 c.-32T>C, Rv3245c p.Met517Leu, Rv3596c c.2418C>T, Rv3793 c.2781C>T, Rv3806c p.Val188Ala, Rv3862c c.-75delG, Rv3862c c.-211C>T, Rv3919c p.Leu16Arg	success
SRR1140949	Pre-XDR-TB	levofloxacin, moxifloxacin, rifampicin, ethionamide, isoniazid, pyrazinamide, ethambutol, streptomycin	levofloxacin; moxifloxacin | Rv0006 p.Asp94Gly | dr_variants, rifampicin | Rv0667 p.Ile491Phe | dr_variants, ethionamide; isoniazid | Rv1484 c.-770T>A | dr_variants, isoniazid | Rv1908c p.Ser315Thr | dr_variants, pyrazinamide | Rv2043c p.Gly132Ala | dr_variants, ethambutol | Rv3795 p.Met306Val | dr_variants, ethionamide | Rv3854c c.-11A>G | dr_variants, streptomycin | Rv3919c c.161_290del | dr_variants, levofloxacin; moxifloxacin; ofloxacin | Rv0006 p.Glu21Gln | other_variants, levofloxacin; moxifloxacin; ofloxacin | Rv0006 p.Ser95Thr | other_variants, levofloxacin; moxifloxacin; ofloxacin | Rv0006 p.Gly247Ser | other_variants, levofloxacin; moxifloxacin; ofloxacin | Rv0006 p.Gly668Asp | other_variants, rifampicin | Rv0667 p.Ser493Thr | other_variants, rifampicin | Rv0668 c.1626C>G | other_variants, bedaquiline; clofazimine | Rv0676c p.Ile948Val | other_variants, streptomycin | Rv0682 c.-165T>C | other_variants, streptomycin; amikacin; kanamycin; capreomycin | EBG00000313325 n.-187C>T | other_variants, capreomycin; linezolid | EBG00000313339 n.2399G>A | other_variants, linezolid | Rv1644 p.Leu232Pro | other_variants, capreomycin | Rv1694 c.33A>G | other_variants, bedaquiline; clofazimine | Rv1979c p.Glu38Asp | other_variants, bedaquiline; clofazimine | Rv1979c c.-129A>G | other_variants, isoniazid | Rv2245 p.Gly269Ser | other_variants, isoniazid; rifampicin; ethambutol; levofloxacin; moxifloxacin; ofloxacin | Rv2752c p.Pro123Leu | other_variants, Rv2764c p.Thr202Ala | other_variants, cycloserine | Rv2780 c.-32T>C | other_variants, rifampicin; bedaquiline | Rv3245c p.Met517Leu | other_variants, pyrazinamide | Rv3596c c.2418C>T | other_variants, ethambutol | Rv3793 c.2781C>T | other_variants, amikacin; kanamycin; capreomycin | Rv3862c c.-75delG | other_variants, amikacin; kanamycin; capreomycin | Rv3862c c.-211C>T | other_variants, streptomycin | Rv3919c p.Leu16Arg | other_variants	Rv0006 p.Asp94Gly, Rv0667 p.Ile491Phe, Rv1484 c.-770T>A, Rv1908c p.Ser315Thr, Rv2043c p.Gly132Ala, Rv3795 p.Met306Val, Rv3854c c.-11A>G, Rv3919c c.161_290del, Rv0006 p.Glu21Gln, Rv0006 p.Ser95Thr, Rv0006 p.Gly247Ser, Rv0006 p.Gly668Asp, Rv0667 p.Ser493Thr, Rv0668 c.1626C>G, Rv0676c p.Ile948Val, Rv0682 c.-165T>C, EBG00000313325 n.-187C>T, EBG00000313339 n.2399G>A, Rv1644 p.Leu232Pro, Rv1694 c.33A>G, Rv1979c p.Glu38Asp, Rv1979c c.-129A>G, Rv2245 p.Gly269Ser, Rv2752c p.Pro123Leu, Rv2764c p.Thr202Ala, Rv2780 c.-32T>C, Rv3245c p.Met517Leu, Rv3596c c.2418C>T, Rv3793 c.2781C>T, Rv3862c c.-75delG, Rv3862c c.-211C>T, Rv3919c p.Leu16Arg	success
SRR3055715	No resistance detected by TB-Profiler	None reported	levofloxacin; moxifloxacin; ofloxacin | Rv0006 p.Glu21Gln | other_variants, levofloxacin; moxifloxacin; ofloxacin | Rv0006 p.Ser95Thr | other_variants, levofloxacin; moxifloxacin; ofloxacin | Rv0006 p.Gly668Asp | other_variants, clofazimine; delamanid; pretomanid | Rv0407 c.960T>C | other_variants, isoniazid; ethionamide | Rv0486 p.Ala187Val | other_variants, amikacin; kanamycin; capreomycin | Rv0529 p.Ile245Met | other_variants, ethionamide | Rv0565c c.390G>A | other_variants, ethionamide | Rv0565c p.Arg110His | other_variants, rifampicin | Rv0667 c.3225T>C | other_variants, bedaquiline; clofazimine | Rv0676c p.Ile948Val | other_variants, bedaquiline; clofazimine | Rv0676c p.Thr794Ile | other_variants, bedaquiline; clofazimine | Rv0676c p.Asp767Asn | other_variants, bedaquiline; clofazimine | Rv0677c c.-710C>G | other_variants, streptomycin | Rv0682 c.-165T>C | other_variants, isoniazid; rifampicin; levofloxacin; moxifloxacin; ofloxacin | Rv1129c c.-28T>C | other_variants, isoniazid; pyrazinamide; streptomycin | Rv1258c c.580_581insC | other_variants, streptomycin; amikacin; kanamycin; capreomycin | EBG00000313325 n.-187C>T | other_variants, pyrazinamide | Rv1630 c.636A>C | other_variants, linezolid | Rv1644 p.Leu232Pro | other_variants, isoniazid | Rv1908c p.Arg463Leu | other_variants, pyrazinamide | Rv1918c p.Leu896Ser | other_variants, bedaquiline; clofazimine | Rv1979c c.-129A>G | other_variants, cycloserine | Rv2780 c.-32T>C | other_variants, pyrazinamide | Rv3236c p.Thr102Ala | other_variants, rifampicin; bedaquiline | Rv3245c p.Met517Leu | other_variants, rifampicin; bedaquiline | Rv3245c p.Pro18Ser | other_variants, ethambutol | Rv3793 c.2781C>T | other_variants, ethambutol | Rv3794 c.228C>T | other_variants, ethambutol | Rv3805c p.Asp397Gly | other_variants, amikacin; kanamycin; capreomycin | Rv3862c c.-75delG | other_variants, amikacin; kanamycin; capreomycin | Rv3862c c.-211C>T | other_variants, streptomycin | Rv3919c c.615A>G | other_variants, streptomycin | Rv3919c p.Tyr195His | other_variants, streptomycin | Rv3919c p.Glu92Asp | other_variants	Rv0006 p.Glu21Gln, Rv0006 p.Ser95Thr, Rv0006 p.Gly668Asp, Rv0407 c.960T>C, Rv0486 p.Ala187Val, Rv0529 p.Ile245Met, Rv0565c c.390G>A, Rv0565c p.Arg110His, Rv0667 c.3225T>C, Rv0676c p.Ile948Val, Rv0676c p.Thr794Ile, Rv0676c p.Asp767Asn, Rv0677c c.-710C>G, Rv0682 c.-165T>C, Rv1129c c.-28T>C, Rv1258c c.580_581insC, EBG00000313325 n.-187C>T, Rv1630 c.636A>C, Rv1644 p.Leu232Pro, Rv1908c p.Arg463Leu, Rv1918c p.Leu896Ser, Rv1979c c.-129A>G, Rv2780 c.-32T>C, Rv3236c p.Thr102Ala, Rv3245c p.Met517Leu, Rv3245c p.Pro18Ser, Rv3793 c.2781C>T, Rv3794 c.228C>T, Rv3805c p.Asp397Gly, Rv3862c c.-75delG, Rv3862c c.-211C>T, Rv3919c c.615A>G, Rv3919c p.Tyr195His, Rv3919c p.Glu92Asp	success
SRR3055717	RR-TB	rifampicin	rifampicin | Rv0667 p.Leu449Gln | dr_variants, levofloxacin; moxifloxacin; ofloxacin | Rv0005 p.Pro94Leu | other_variants, levofloxacin; moxifloxacin; ofloxacin | Rv0005 c.1983C>T | other_variants, levofloxacin; moxifloxacin; ofloxacin | Rv0006 p.Glu21Gln | other_variants, levofloxacin; moxifloxacin; ofloxacin | Rv0006 p.Ser95Thr | other_variants, levofloxacin; moxifloxacin; ofloxacin | Rv0006 p.Gly668Asp | other_variants, rifampicin | Rv0668 c.1626C>G | other_variants, bedaquiline; clofazimine | Rv0676c p.Ile948Val | other_variants, streptomycin | Rv0682 c.-165T>C | other_variants, streptomycin; amikacin; kanamycin; capreomycin | EBG00000313325 n.-187C>T | other_variants, streptomycin; amikacin; kanamycin; capreomycin | EBG00000313325 n.492C>T | other_variants, linezolid | Rv1644 p.Leu232Pro | other_variants, capreomycin | Rv1694 c.33A>G | other_variants, bedaquiline; clofazimine | Rv1979c c.-129A>G | other_variants, Rv2764c p.Thr202Ala | other_variants, cycloserine | Rv2780 c.-32T>C | other_variants, rifampicin; bedaquiline | Rv3245c p.Met517Leu | other_variants, pyrazinamide | Rv3596c c.2418C>T | other_variants, ethambutol | Rv3793 c.2781C>T | other_variants, amikacin; kanamycin; capreomycin | Rv3862c c.-75delG | other_variants, amikacin; kanamycin; capreomycin | Rv3862c c.-211C>T | other_variants, streptomycin | Rv3919c p.Leu16Arg | other_variants	Rv0667 p.Leu449Gln, Rv0005 p.Pro94Leu, Rv0005 c.1983C>T, Rv0006 p.Glu21Gln, Rv0006 p.Ser95Thr, Rv0006 p.Gly668Asp, Rv0668 c.1626C>G, Rv0676c p.Ile948Val, Rv0682 c.-165T>C, EBG00000313325 n.-187C>T, EBG00000313325 n.492C>T, Rv1644 p.Leu232Pro, Rv1694 c.33A>G, Rv1979c c.-129A>G, Rv2764c p.Thr202Ala, Rv2780 c.-32T>C, Rv3245c p.Met517Leu, Rv3596c c.2418C>T, Rv3793 c.2781C>T, Rv3862c c.-75delG, Rv3862c c.-211C>T, Rv3919c p.Leu16Arg	success
SRR3724754	Hr-TB	ethionamide, isoniazid	ethionamide; isoniazid | Rv1484 c.-777C>T | dr_variants, ethionamide | Rv3855 p.Ala95Thr | dr_variants, levofloxacin; moxifloxacin; ofloxacin | Rv0006 p.Glu21Gln | other_variants, levofloxacin; moxifloxacin; ofloxacin | Rv0006 p.Ser95Thr | other_variants, levofloxacin; moxifloxacin; ofloxacin | Rv0006 p.Gly668Asp | other_variants, clofazimine; delamanid; pretomanid | Rv0407 c.960T>C | other_variants, isoniazid; ethionamide | Rv0486 p.Ala187Val | other_variants, amikacin; kanamycin; capreomycin | Rv0529 p.Ile245Met | other_variants, ethionamide | Rv0565c c.390G>A | other_variants, ethionamide | Rv0565c p.Arg110His | other_variants, rifampicin | Rv0667 c.3225T>C | other_variants, rifampicin | Rv0668 c.186C>T | other_variants, bedaquiline; clofazimine | Rv0676c p.Ile948Val | other_variants, bedaquiline; clofazimine | Rv0676c p.Thr794Ile | other_variants, bedaquiline; clofazimine | Rv0676c p.Asp767Asn | other_variants, bedaquiline; clofazimine | Rv0677c c.-74G>T | other_variants, bedaquiline; clofazimine | Rv0677c c.-710C>G | other_variants, streptomycin | Rv0682 c.-165T>C | other_variants, isoniazid; rifampicin; levofloxacin; moxifloxacin; ofloxacin | Rv1129c c.-28T>C | other_variants, isoniazid; pyrazinamide; streptomycin | Rv1258c c.580_581insC | other_variants, streptomycin; amikacin; kanamycin; capreomycin | EBG00000313325 n.-187C>T | other_variants, pyrazinamide | Rv1630 c.636A>C | other_variants, linezolid | Rv1644 p.Leu232Pro | other_variants, capreomycin | Rv1694 c.33A>G | other_variants, isoniazid | Rv1908c p.Arg463Leu | other_variants, pyrazinamide | Rv1918c p.Leu896Ser | other_variants, bedaquiline; clofazimine | Rv1979c c.-129A>G | other_variants, cycloserine | Rv2780 c.-32T>C | other_variants, pyrazinamide | Rv3236c p.Thr102Ala | other_variants, rifampicin; bedaquiline | Rv3245c p.Met517Leu | other_variants, rifampicin; bedaquiline | Rv3245c p.Pro18Ser | other_variants, ethambutol | Rv3793 c.2781C>T | other_variants, ethambutol | Rv3794 c.228C>T | other_variants, ethambutol | Rv3805c p.Asp397Gly | other_variants, amikacin; kanamycin; capreomycin | Rv3862c c.-75delG | other_variants, amikacin; kanamycin; capreomycin | Rv3862c c.-211C>T | other_variants, streptomycin | Rv3919c c.615A>G | other_variants, streptomycin | Rv3919c p.Glu92Asp | other_variants	Rv1484 c.-777C>T, Rv3855 p.Ala95Thr, Rv0006 p.Glu21Gln, Rv0006 p.Ser95Thr, Rv0006 p.Gly668Asp, Rv0407 c.960T>C, Rv0486 p.Ala187Val, Rv0529 p.Ile245Met, Rv0565c c.390G>A, Rv0565c p.Arg110His, Rv0667 c.3225T>C, Rv0668 c.186C>T, Rv0676c p.Ile948Val, Rv0676c p.Thr794Ile, Rv0676c p.Asp767Asn, Rv0677c c.-74G>T, Rv0677c c.-710C>G, Rv0682 c.-165T>C, Rv1129c c.-28T>C, Rv1258c c.580_581insC, EBG00000313325 n.-187C>T, Rv1630 c.636A>C, Rv1644 p.Leu232Pro, Rv1694 c.33A>G, Rv1908c p.Arg463Leu, Rv1918c p.Leu896Ser, Rv1979c c.-129A>G, Rv2780 c.-32T>C, Rv3236c p.Thr102Ala, Rv3245c p.Met517Leu, Rv3245c p.Pro18Ser, Rv3793 c.2781C>T, Rv3794 c.228C>T, Rv3805c p.Asp397Gly, Rv3862c c.-75delG, Rv3862c c.-211C>T, Rv3919c c.615A>G, Rv3919c p.Glu92Asp	success
SRR3724765	No resistance detected by TB-Profiler	None reported	levofloxacin; moxifloxacin; ofloxacin | Rv0006 p.Glu21Gln | other_variants, levofloxacin; moxifloxacin; ofloxacin | Rv0006 p.Ser95Thr | other_variants, levofloxacin; moxifloxacin; ofloxacin | Rv0006 p.Gly247Ser | other_variants, levofloxacin; moxifloxacin; ofloxacin | Rv0006 p.Gly668Asp | other_variants, rifampicin | Rv0667 p.Val113Ile | other_variants, rifampicin | Rv0668 c.1626C>G | other_variants, bedaquiline; clofazimine | Rv0676c p.Ile948Val | other_variants, bedaquiline; clofazimine | Rv0676c p.Trp598Arg | other_variants, streptomycin | Rv0682 c.-165T>C | other_variants, pyrazinamide | Rv1630 p.Met432Thr | other_variants, linezolid | Rv1644 p.Ala24Val | other_variants, linezolid | Rv1644 p.Leu232Pro | other_variants, capreomycin | Rv1694 c.33A>G | other_variants, isoniazid | Rv1908c c.-85C>T | other_variants, bedaquiline; clofazimine | Rv1979c c.-129A>G | other_variants, isoniazid | Rv2245 p.Gly269Ser | other_variants, Rv2447c p.Ala420Val | other_variants, Rv2764c p.Thr202Ala | other_variants, cycloserine | Rv2780 c.-32T>C | other_variants, rifampicin; bedaquiline | Rv3245c p.Met517Leu | other_variants, pyrazinamide | Rv3596c c.2418C>T | other_variants, ethambutol | Rv3793 c.2781C>T | other_variants, amikacin; kanamycin; capreomycin | Rv3862c c.-75delG | other_variants, amikacin; kanamycin; capreomycin | Rv3862c c.-211C>T | other_variants, streptomycin | Rv3919c p.Leu16Arg | other_variants	Rv0006 p.Glu21Gln, Rv0006 p.Ser95Thr, Rv0006 p.Gly247Ser, Rv0006 p.Gly668Asp, Rv0667 p.Val113Ile, Rv0668 c.1626C>G, Rv0676c p.Ile948Val, Rv0676c p.Trp598Arg, Rv0682 c.-165T>C, Rv1630 p.Met432Thr, Rv1644 p.Ala24Val, Rv1644 p.Leu232Pro, Rv1694 c.33A>G, Rv1908c c.-85C>T, Rv1979c c.-129A>G, Rv2245 p.Gly269Ser, Rv2447c p.Ala420Val, Rv2764c p.Thr202Ala, Rv2780 c.-32T>C, Rv3245c p.Met517Leu, Rv3596c c.2418C>T, Rv3793 c.2781C>T, Rv3862c c.-75delG, Rv3862c c.-211C>T, Rv3919c p.Leu16Arg	success
SRR4034515	No resistance detected by TB-Profiler	None reported	levofloxacin; moxifloxacin; ofloxacin | Rv0006 p.Glu21Gln | other_variants, levofloxacin; moxifloxacin; ofloxacin | Rv0006 p.Ser95Thr | other_variants, levofloxacin; moxifloxacin; ofloxacin | Rv0006 p.Gly668Asp | other_variants, rifampicin | Rv0668 c.1626C>G | other_variants, bedaquiline; clofazimine | Rv0676c p.Ile948Val | other_variants, streptomycin | Rv0682 c.-165T>C | other_variants, streptomycin; amikacin; kanamycin; capreomycin | EBG00000313325 n.-187C>T | other_variants, streptomycin; amikacin; kanamycin; capreomycin | EBG00000313325 n.492C>T | other_variants, linezolid | Rv1644 p.Leu232Pro | other_variants, capreomycin | Rv1694 c.33A>G | other_variants, bedaquiline; clofazimine | Rv1979c c.-129A>G | other_variants, capreomycin | Rv2681 p.Ala317Thr | other_variants, Rv2764c p.Thr202Ala | other_variants, cycloserine | Rv2780 c.-32T>C | other_variants, rifampicin; bedaquiline | Rv3245c p.Met517Leu | other_variants, pyrazinamide | Rv3596c c.2418C>T | other_variants, isoniazid; rifampicin; ethambutol; streptomycin; levofloxacin; moxifloxacin; ofloxacin | Rv3696c p.Asp84Glu | other_variants, ethambutol | Rv3793 c.-482G>A | other_variants, ethambutol | Rv3793 c.2781C>T | other_variants, amikacin; kanamycin; capreomycin | Rv3862c c.-75delG | other_variants, amikacin; kanamycin; capreomycin | Rv3862c c.-211C>T | other_variants, streptomycin | Rv3919c p.Leu16Arg | other_variants	Rv0006 p.Glu21Gln, Rv0006 p.Ser95Thr, Rv0006 p.Gly668Asp, Rv0668 c.1626C>G, Rv0676c p.Ile948Val, Rv0682 c.-165T>C, EBG00000313325 n.-187C>T, EBG00000313325 n.492C>T, Rv1644 p.Leu232Pro, Rv1694 c.33A>G, Rv1979c c.-129A>G, Rv2681 p.Ala317Thr, Rv2764c p.Thr202Ala, Rv2780 c.-32T>C, Rv3245c p.Met517Leu, Rv3596c c.2418C>T, Rv3696c p.Asp84Glu, Rv3793 c.-482G>A, Rv3793 c.2781C>T, Rv3862c c.-75delG, Rv3862c c.-211C>T, Rv3919c p.Leu16Arg	success
SRR4034592	No resistance detected by TB-Profiler	None reported	levofloxacin; moxifloxacin; ofloxacin | Rv0006 p.Glu21Gln | other_variants, levofloxacin; moxifloxacin; ofloxacin | Rv0006 p.Ser95Thr | other_variants, levofloxacin; moxifloxacin; ofloxacin | Rv0006 p.Gly247Ser | other_variants, levofloxacin; moxifloxacin; ofloxacin | Rv0006 p.Gly668Asp | other_variants, rifampicin | Rv0668 c.1626C>G | other_variants, bedaquiline; clofazimine | Rv0676c p.Ile948Val | other_variants, streptomycin | Rv0682 c.-165T>C | other_variants, streptomycin; amikacin; kanamycin; capreomycin | EBG00000313325 n.-187C>T | other_variants, capreomycin; linezolid | EBG00000313339 n.2399G>A | other_variants, linezolid | Rv1644 p.Leu232Pro | other_variants, capreomycin | Rv1694 c.33A>G | other_variants, bedaquiline; clofazimine | Rv1979c p.Glu38Asp | other_variants, bedaquiline; clofazimine | Rv1979c c.-129A>G | other_variants, isoniazid | Rv2245 p.Gly269Ser | other_variants, isoniazid; rifampicin; ethambutol; levofloxacin; moxifloxacin; ofloxacin | Rv2752c p.Pro123Leu | other_variants, Rv2764c p.Thr202Ala | other_variants, cycloserine | Rv2780 c.-32T>C | other_variants, rifampicin; bedaquiline | Rv3245c p.Met517Leu | other_variants, pyrazinamide | Rv3596c c.2418C>T | other_variants, ethambutol | Rv3793 c.2781C>T | other_variants, amikacin; kanamycin; capreomycin | Rv3862c c.-75delG | other_variants, amikacin; kanamycin; capreomycin | Rv3862c c.-211C>T | other_variants, streptomycin | Rv3919c p.Leu16Arg | other_variants	Rv0006 p.Glu21Gln, Rv0006 p.Ser95Thr, Rv0006 p.Gly247Ser, Rv0006 p.Gly668Asp, Rv0668 c.1626C>G, Rv0676c p.Ile948Val, Rv0682 c.-165T>C, EBG00000313325 n.-187C>T, EBG00000313339 n.2399G>A, Rv1644 p.Leu232Pro, Rv1694 c.33A>G, Rv1979c p.Glu38Asp, Rv1979c c.-129A>G, Rv2245 p.Gly269Ser, Rv2752c p.Pro123Leu, Rv2764c p.Thr202Ala, Rv2780 c.-32T>C, Rv3245c p.Met517Leu, Rv3596c c.2418C>T, Rv3793 c.2781C>T, Rv3862c c.-75delG, Rv3862c c.-211C>T, Rv3919c p.Leu16Arg	success
